{"chapter":3,"version":"1.0.0","generatedAt":"2025-12-20T13:41:27.928047","levels":[{"id":71,"chapter":3,"level":1,"size":8,"givens":[[1,1,0,1,0,0,1,0],[0,0,1,2,1,0,1,1],[2,0,1,0,2,0,0,0],[1,0,0,0,0,1,0,2],[0,1,0,2,1,2,1,2],[2,2,0,0,2,2,1,1],[1,0,0,2,1,0,0,0],[0,1,0,2,0,0,0,0]],"solution":[[1,1,2,1,2,2,1,2],[2,2,1,2,1,2,1,1],[2,2,1,1,2,1,2,1],[1,1,2,1,2,1,2,2],[1,1,2,2,1,2,1,2],[2,2,1,1,2,2,1,1],[1,2,1,2,1,1,2,2],[2,1,2,2,1,1,2,1]],"difficultyScore":8.371875,"mechanics":["mistakeLimit"],"params":{"maxMistakes":3},"metrics":{"forcedMovesCount":13,"branchingEventsCount":19,"maxBranchDepth":19,"backtracksCount":0,"totalAssignments":32,"firstBranchStepIndex":13,"forcedMoveRatio":0.40625}},{"id":72,"chapter":3,"level":2,"size":8,"givens":[[1,2,0,0,0,1,2,2],[1,0,2,1,2,0,0,2],[0,1,0,2,1,2,0,1],[1,0,1,2,0,0,0,1],[2,1,2,1,0,0,0,0],[1,0,2,1,0,2,1,1],[0,0,0,2,0,0,2,0],[0,0,1,0,1,2,2,1]],"solution":[[1,2,1,1,2,1,2,2],[1,2,2,1,2,1,1,2],[2,1,2,2,1,2,1,1],[1,2,1,2,1,2,2,1],[2,1,2,1,2,1,1,2],[1,2,2,1,2,2,1,1],[2,1,1,2,1,1,2,2],[2,1,1,2,1,2,2,1]],"difficultyScore":7.085714285714285,"mechanics":["mistakeLimit"],"params":{"maxMistakes":3},"metrics":{"forcedMovesCount":12,"branchingEventsCount":16,"maxBranchDepth":16,"backtracksCount":0,"totalAssignments":28,"firstBranchStepIndex":12,"forcedMoveRatio":0.42857142857142855}},{"id":73,"chapter":3,"level":3,"size":8,"givens":[[2,0,0,2,0,1,0,1],[2,2,0,2,1,0,2,0],[1,0,0,1,0,2,0,0],[1,0,2,1,2,1,2,0],[0,0,1,0,1,2,0,0],[2,0,1,0,2,1,1,0],[1,0,2,2,1,2,0,1],[0,1,2,1,0,0,0,0]],"solution":[[2,1,1,2,2,1,2,1],[2,2,1,2,1,1,2,1],[1,2,2,1,1,2,1,2],[1,1,2,1,2,1,2,2],[2,2,1,2,1,2,1,1],[2,2,1,1,2,1,1,2],[1,1,2,2,1,2,2,1],[1,1,2,1,2,2,1,2]],"difficultyScore":7.960344827586208,"mechanics":["mistakeLimit"],"params":{"maxMistakes":3},"metrics":{"forcedMovesCount":11,"branchingEventsCount":18,"maxBranchDepth":18,"backtracksCount":0,"totalAssignments":29,"firstBranchStepIndex":11,"forcedMoveRatio":0.3793103448275862}},{"id":74,"chapter":3,"level":4,"size":8,"givens":[[0,0,0,1,2,0,0,0],[2,2,1,0,0,2,1,1],[1,0,2,2,0,2,0,0],[0,1,2,1,0,1,2,0],[0,2,1,2,0,0,2,2],[1,0,0,0,1,2,1,2],[2,1,0,0,2,1,2,1],[2,2,0,2,0,0,1,1]],"solution":[[1,1,2,1,2,1,2,2],[2,2,1,1,2,2,1,1],[1,1,2,2,1,2,1,2],[2,1,2,1,2,1,2,1],[1,2,1,2,1,1,2,2],[1,2,2,1,1,2,1,2],[2,1,1,2,2,1,2,1],[2,2,1,2,1,2,1,1]],"difficultyScore":7.366666666666666,"mechanics":["mistakeLimit"],"params":{"maxMistakes":3},"metrics":{"forcedMovesCount":14,"branchingEventsCount":16,"maxBranchDepth":12,"backtracksCount":4,"totalAssignments":30,"firstBranchStepIndex":14,"forcedMoveRatio":0.4666666666666667}},{"id":75,"chapter":3,"level":5,"size":8,"givens":[[0,2,1,0,2,1,2,0],[2,0,0,1,0,0,1,2],[0,0,0,1,0,0,2,0],[0,2,0,2,0,2,2,1],[2,1,2,1,0,1,0,2],[1,2,1,2,2,1,0,0],[0,1,2,0,1,0,2,1],[0,1,0,1,1,2,0,2]],"solution":[[1,2,1,2,2,1,2,1],[2,2,1,1,2,1,1,2],[2,1,2,1,1,2,2,1],[1,2,1,2,1,2,2,1],[2,1,2,1,2,1,1,2],[1,2,1,2,2,1,1,2],[1,1,2,2,1,2,2,1],[2,1,2,1,1,2,1,2]],"difficultyScore":9.394117647058824,"mechanics":["mistakeLimit"],"params":{"maxMistakes":3},"metrics":{"forcedMovesCount":14,"branchingEventsCount":20,"maxBranchDepth":12,"backtracksCount":8,"totalAssignments":34,"firstBranchStepIndex":14,"forcedMoveRatio":0.4117647058823529}},{"id":76,"chapter":3,"level":6,"size":8,"givens":[[0,0,1,0,0,1,2,0],[0,2,1,2,1,1,0,1],[1,0,2,1,0,2,0,2],[1,0,2,0,0,1,2,0],[2,0,0,0,1,2,1,1],[2,2,0,0,2,1,0,2],[0,0,2,0,1,0,2,0],[1,0,0,0,2,0,0,2]],"solution":[[2,1,1,2,2,1,2,1],[2,2,1,2,1,1,2,1],[1,2,2,1,1,2,1,2],[1,1,2,1,2,1,2,2],[2,2,1,2,1,2,1,1],[2,2,1,1,2,1,1,2],[1,1,2,2,1,2,2,1],[1,1,2,1,2,2,1,2]],"difficultyScore":7.066666666666666,"mechanics":["mistakeLimit"],"params":{"maxMistakes":3},"metrics":{"forcedMovesCount":14,"branchingEventsCount":16,"maxBranchDepth":16,"backtracksCount":0,"totalAssignments":30,"firstBranchStepIndex":14,"forcedMoveRatio":0.4666666666666667}},{"id":77,"chapter":3,"level":7,"size":8,"givens":[[0,0,1,0,0,0,2,0],[0,0,0,2,1,0,1,1],[0,0,2,0,0,1,1,2],[2,0,2,1,2,1,0,0],[1,2,1,0,1,2,0,0],[2,1,2,0,0,0,1,2],[1,2,0,1,0,0,1,0],[0,1,2,0,1,0,0,0]],"solution":[[2,1,1,2,1,1,2,2],[2,2,1,2,1,2,1,1],[1,2,2,1,2,1,1,2],[2,1,2,1,2,1,2,1],[1,2,1,2,1,2,2,1],[2,1,2,1,2,1,1,2],[1,2,1,1,2,2,1,2],[1,1,2,2,1,2,2,1]],"difficultyScore":10.0,"mechanics":["mistakeLimit"],"params":{"maxMistakes":3},"metrics":{"forcedMovesCount":13,"branchingEventsCount":59,"maxBranchDepth":19,"backtracksCount":40,"totalAssignments":72,"firstBranchStepIndex":13,"forcedMoveRatio":0.18055555555555555}},{"id":78,"chapter":3,"level":8,"size":8,"givens":[[0,1,0,2,0,0,2,0],[2,1,0,2,0,2,0,0],[0,0,2,1,0,0,0,2],[0,0,0,2,0,1,0,1],[0,0,2,1,0,0,1,2],[1,0,1,1,2,1,2,0],[2,1,1,0,0,2,2,1],[1,2,0,0,1,0,1,2]],"solution":[[2,1,1,2,2,1,2,1],[2,1,2,2,1,2,1,1],[1,2,2,1,2,1,1,2],[1,2,1,2,2,1,2,1],[2,1,2,1,1,2,1,2],[1,2,1,1,2,1,2,2],[2,1,1,2,1,2,2,1],[1,2,2,1,1,2,1,2]],"difficultyScore":7.508333333333333,"mechanics":["mistakeLimit"],"params":{"maxMistakes":3},"metrics":{"forcedMovesCount":13,"branchingEventsCount":17,"maxBranchDepth":17,"backtracksCount":0,"totalAssignments":30,"firstBranchStepIndex":13,"forcedMoveRatio":0.43333333333333335}},{"id":79,"chapter":3,"level":9,"size":8,"givens":[[0,0,0,0,2,0,1,2],[2,0,0,0,0,1,2,0],[0,0,0,1,2,0,0,2],[0,0,1,2,1,2,1,1],[0,0,1,0,0,2,0,0],[0,1,0,0,0,1,0,2],[2,0,0,2,0,1,0,1],[1,2,0,1,0,2,1,2]],"solution":[[1,1,2,1,2,2,1,2],[2,2,1,2,1,1,2,1],[1,1,2,1,2,1,2,2],[2,2,1,2,1,2,1,1],[2,2,1,1,2,2,1,1],[1,1,2,2,1,1,2,2],[2,1,2,2,1,1,2,1],[1,2,1,1,2,2,1,2]],"difficultyScore":10.0,"mechanics":["mistakeLimit"],"params":{"maxMistakes":3},"metrics":{"forcedMovesCount":10,"branchingEventsCount":116,"maxBranchDepth":24,"backtracksCount":92,"totalAssignments":126,"firstBranchStepIndex":10,"forcedMoveRatio":0.07936507936507936}},{"id":80,"chapter":3,"level":10,"size":8,"givens":[[1,2,0,1,2,0,2,0],[2,1,0,2,0,1,2,0],[0,2,0,0,0,2,1,1],[1,2,0,1,0,1,2,1],[2,0,0,0,1,0,0,2],[0,1,0,1,2,0,1,2],[1,0,0,0,1,0,0,1],[2,1,2,2,0,2,0,0]],"solution":[[1,2,1,1,2,1,2,2],[2,1,1,2,1,1,2,2],[1,2,2,1,2,2,1,1],[1,2,2,1,2,1,2,1],[2,1,1,2,1,2,1,2],[2,1,2,1,2,1,1,2],[1,2,1,2,1,2,2,1],[2,1,2,2,1,2,1,1]],"difficultyScore":6.642857142857143,"mechanics":["mistakeLimit"],"params":{"maxMistakes":3},"metrics":{"forcedMovesCount":13,"branchingEventsCount":15,"maxBranchDepth":15,"backtracksCount":0,"totalAssignments":28,"firstBranchStepIndex":13,"forcedMoveRatio":0.4642857142857143}},{"id":81,"chapter":3,"level":11,"size":8,"givens":[[0,0,1,0,0,0,1,0],[1,2,2,0,1,0,2,0],[2,0,0,2,0,0,2,2],[0,0,1,1,2,0,0,0],[1,1,2,2,0,2,0,1],[0,2,1,2,0,0,0,1],[0,1,2,0,0,1,0,0],[0,1,0,0,1,0,0,1]],"solution":[[1,2,1,1,2,2,1,2],[1,2,2,1,1,2,2,1],[2,1,1,2,1,1,2,2],[2,2,1,1,2,1,1,2],[1,1,2,2,1,2,2,1],[1,2,1,2,2,1,2,1],[2,1,2,1,2,1,1,2],[2,1,2,2,1,2,1,1]],"difficultyScore":8.354411764705882,"mechanics":["mistakeLimit"],"params":{"maxMistakes":3},"metrics":{"forcedMovesCount":15,"branchingEventsCount":19,"maxBranchDepth":19,"backtracksCount":0,"totalAssignments":34,"firstBranchStepIndex":15,"forcedMoveRatio":0.4411764705882353}},{"id":82,"chapter":3,"level":12,"size":8,"givens":[[1,2,0,1,2,0,1,0],[0,2,0,0,0,2,2,1],[2,0,1,0,1,1,2,2],[0,2,1,0,0,1,1,2],[1,1,0,0,1,0,0,1],[1,0,1,0,0,0,0,1],[2,0,2,0,0,1,0,0],[2,1,0,0,1,2,1,1]],"solution":[[1,2,1,1,2,2,1,2],[1,2,2,1,1,2,2,1],[2,1,1,2,1,1,2,2],[2,2,1,1,2,1,1,2],[1,1,2,2,1,2,2,1],[1,2,1,2,2,1,2,1],[2,1,2,1,2,1,1,2],[2,1,2,2,1,2,1,1]],"difficultyScore":4.605714285714286,"mechanics":["mistakeLimit"],"params":{"maxMistakes":3},"metrics":{"forcedMovesCount":15,"branchingEventsCount":13,"maxBranchDepth":13,"backtracksCount":0,"totalAssignments":28,"firstBranchStepIndex":15,"forcedMoveRatio":0.5357142857142857}},{"id":83,"chapter":3,"level":13,"size":8,"givens":[[0,1,1,0,0,0,0,0],[0,2,1,2,1,0,1,0],[0,2,0,1,0,1,0,2],[0,1,0,0,0,0,0,0],[1,0,1,0,0,0,0,0],[2,1,0,0,0,1,0,0],[1,2,0,0,0,2,0,0],[1,0,2,0,1,0,2,1]],"solution":[[2,1,1,2,1,1,2,2],[2,2,1,2,1,2,1,1],[1,2,2,1,2,1,1,2],[2,1,2,1,2,1,2,1],[1,2,1,2,1,2,2,1],[2,1,2,1,2,1,1,2],[1,2,1,1,2,2,1,2],[1,1,2,2,1,2,2,1]],"difficultyScore":10.0,