{"chapter":5,"version":"1.0.0","generatedAt":"2025-12-20T13:41:29.237101","levels":[{"id":201,"chapter":5,"level":1,"size":8,"givens":[[0,1,2,2,1,0,2,0],[0,0,2,0,2,1,2,2],[2,2,1,1,0,0,1,0],[0,0,1,2,1,2,0,0],[0,1,0,0,0,2,1,0],[2,2,0,0,0,1,0,0],[1,2,1,2,0,0,1,2],[2,1,2,0,0,0,0,0]],"solution":[[1,1,2,2,1,2,2,1],[1,1,2,1,2,1,2,2],[2,2,1,1,2,1,1,2],[1,2,1,2,1,2,2,1],[2,1,2,1,1,2,1,2],[2,2,1,1,2,1,2,1],[1,2,1,2,2,1,1,2],[2,1,2,2,1,2,1,1]],"difficultyScore":7.508333333333333,"mechanics":["moveLimit"],"params":{"moveBuffer":5},"metrics":{"forcedMovesCount":13,"branchingEventsCount":17,"maxBranchDepth":17,"backtracksCount":0,"totalAssignments":30,"firstBranchStepIndex":13,"forcedMoveRatio":0.43333333333333335}},{"id":202,"chapter":5,"level":2,"size":8,"givens":[[2,2,1,1,2,1,0,0],[0,2,1,0,0,0,2,2],[0,1,2,0,1,2,2,0],[2,1,0,1,2,0,1,0],[1,0,1,2,0,1,2,2],[0,0,0,2,0,0,1,0],[0,0,2,1,2,0,2,0],[1,0,0,2,0,2,0,2]],"solution":[[2,2,1,1,2,1,1,2],[1,2,1,1,2,1,2,2],[1,1,2,2,1,2,2,1],[2,1,2,1,2,2,1,1],[1,2,1,2,1,1,2,2],[2,2,1,2,1,2,1,1],[2,1,2,1,2,1,2,1],[1,1,2,2,1,2,1,2]],"difficultyScore":7.790625,"mechanics":["moveLimit"],"params":{"moveBuffer":5},"metrics":{"forcedMovesCount":15,"branchingEventsCount":17,"maxBranchDepth":13,"backtracksCount":4,"totalAssignments":32,"firstBranchStepIndex":15,"forcedMoveRatio":0.46875}},{"id":203,"chapter":5,"level":3,"size":8,"givens":[[2,0,0,0,0,2,1,1],[2,2,1,0,2,0,1,2],[0,0,2,1,2,0,2,0],[0,0,2,2,1,0,0,1],[0,2,1,1,2,0,1,0],[2,0,0,0,2,1,1,2],[0,2,0,2,0,2,2,0],[0,1,0,2,0,0,0,0]],"solution":[[2,2,1,2,1,2,1,1],[2,2,1,1,2,1,1,2],[1,1,2,1,2,1,2,2],[1,1,2,2,1,2,2,1],[2,2,1,1,2,2,1,1],[2,1,2,1,2,1,1,2],[1,2,1,2,1,2,2,1],[1,1,2,2,1,1,2,2]],"difficultyScore":9.094117647058825,"mechanics":["moveLimit"],"params":{"moveBuffer":5},"metrics":{"forcedMovesCount":14,"branchingEventsCount":20,"maxBranchDepth":16,"backtracksCount":4,"totalAssignments":34,"firstBranchStepIndex":14,"forcedMoveRatio":0.4117647058823529}},{"id":204,"chapter":5,"level":4,"size":8,"givens":[[0,0,0,1,0,0,0,0],[0,0,0,0,0,0,2,2],[0,1,2,1,1,0,1,2],[1,2,1,0,2,1,2,0],[0,1,2,1,0,0,1,2],[0,0,0,0,0,2,1,0],[0,1,0,0,0,1,0,0],[0,1,0,2,0,2,0,2]],"solution":[[2,2,1,1,2,1,2,1],[1,2,1,2,1,1,2,2],[2,1,2,1,1,2,1,2],[1,2,1,2,2,1,2,1],[1,1,2,1,2,2,1,2],[2,2,1,2,1,2,1,1],[2,1,2,1,2,1,2,1],[1,1,2,2,1,2,1,2]],"difficultyScore":10.0,"mechanics":["moveLimit"],"params":{"moveBuffer":5},"metrics":{"forcedMovesCount":12,"branchingEventsCount":110,"maxBranchDepth":24,"backtracksCount":86,"totalAssignments":122,"firstBranchStepIndex":12,"forcedMoveRatio":0.09836065573770492}},{"id":205,"chapter":5,"level":5,"size":8,"givens":[[2,2,0,1,0,1,0,0],[0,0,1,2,1,1,2,2],[0,1,2,1,1,0,1,0],[1,0,0,2,0,1,2,0],[0,0,2,1,2,2,1,2],[2,0,1,2,1,2,0,1],[0,0,2,0,0,1,2,0],[1,1,2,0,0,0,0,2]],"solution":[[2,2,1,1,2,1,2,1],[1,2,1,2,1,1,2,2],[2,1,2,1,1,2,1,2],[1,2,1,2,2,1,2,1],[1,1,2,1,2,2,1,2],[2,2,1,2,1,2,1,1],[2,1,2,1,2,1,2,1],[1,1,2,2,1,2,1,2]],"difficultyScore":7.551923076923076,"mechanics":["moveLimit"],"params":{"moveBuffer":5},"metrics":{"forcedMovesCount":9,"branchingEventsCount":17,"maxBranchDepth":17,"backtracksCount":0,"totalAssignments":26,"firstBranchStepIndex":9,"forcedMoveRatio":0.34615384615384615}},{"id":206,"chapter":5,"level":6,"size":8,"givens":[[0,0,0,1,1,2,2,1],[2,2,1,0,2,1,0,0],[0,0,2,0,0,0,0,0],[0,1,2,0,1,2,2,1],[2,0,1,1,0,0,0,2],[0,2,0,2,1,2,0,1],[1,1,0,0,0,0,0,2],[1,2,1,2,0,0,0,2]],"solution":[[2,1,2,1,1,2,2,1],[2,2,1,1,2,1,2,1],[1,1,2,2,1,2,1,2],[1,1,2,2,1,2,2,1],[2,2,1,1,2,1,1,2],[2,2,1,2,1,2,1,1],[1,1,2,1,2,1,2,2],[1,2,1,2,2,1,1,2]],"difficultyScore":8.654411764705882,"mechanics":["moveLimit"],"params":{"moveBuffer":5},"metrics":{"forcedMovesCount":15,"branchingEventsCount":19,"maxBranchDepth":15,"backtracksCount":4,"totalAssignments":34,"firstBranchStepIndex":15,"forcedMoveRatio":0.4411764705882353}},{"id":207,"chapter":5,"level":7,"size":8,"givens":[[1,0,2,1,2,0,1,2],[0,1,2,0,1,0,0,0],[0,0,1,0,0,0,1,1],[0,2,1,0,0,1,2,2],[2,0,2,0,1,0,0,0],[1,1,0,2,0,0,0,1],[0,2,1,1,2,1,0,0],[0,2,0,1,2,1,0,0]],"solution":[[1,1,2,1,2,2,1,2],[1,1,2,2,1,1,2,2],[2,2,1,2,1,2,1,1],[1,2,1,1,2,1,2,2],[2,1,2,2,1,2,1,1],[1,1,2,2,1,2,2,1],[2,2,1,1,2,1,1,2],[2,2,1,1,2,1,2,1]],"difficultyScore":7.940322580645161,"mechanics":["moveLimit"],"params":{"moveBuffer":5},"metrics":{"forcedMovesCount":13,"branchingEventsCount":18,"maxBranchDepth":18,"backtracksCount":0,"totalAssignments":31,"firstBranchStepIndex":13,"forcedMoveRatio":0.41935483870967744}},{"id":208,"chapter":5,"level":8,"size":8,"givens":[[0,1,2,2,0,0,2,1],[0,0,2,1,0,0,2,0],[2,0,1,0,2,0,0,2],[0,0,0,2,1,2,2,1],[0,0,2,0,1,0,0,2],[2,2,1,1,0,1,2,0],[1,2,1,0,0,0,0,0],[2,1,0,2,0,2,0,0]],"solution":[[1,1,2,2,1,2,2,1],[1,1,2,1,2,1,2,2],[2,2,1,1,2,1,1,2],[1,2,1,2,1,2,2,1],[2,1,2,1,1,2,1,2],[2,2,1,1,2,1,2,1],[1,2,1,2,2,1,1,2],[2,1,2,2,1,2,1,1]],"difficultyScore":8.82258064516129,"mechanics":["moveLimit"],"params":{"moveBuffer":5},"metrics":{"forcedMovesCount":11,"branchingEventsCount":20,"maxBranchDepth":20,"backtracksCount":0,"totalAssignments":31,"firstBranchStepIndex":11,"forcedMoveRatio":0.3548387096774194}},{"id":209,"chapter":5,"level":9,"size":8,"givens":[[1,2,0,2,0,1,0,0],[0,0,1,0,0,1,2,2],[0,1,2,0,1,2,1,1],[0,2,2,0,0,0,1,0],[2,1,0,2,0,1,2,0],[0,1,1,2,1,0,1,2],[1,2,2,1,0,0,1,0],[0,0,0,1,0,1,0,0]],"solution":[[1,2,1,2,1,1,2,2],[1,2,1,1,2,1,2,2],[2,1,2,2,1,2,1,1],[1,2,2,1,1,2,1,2],[2,1,1,2,2,1,2,1],[2,1,1,2,1,2,1,2],[1,2,2,1,2,2,1,1],[2,1,2,1,2,1,2,1]],"difficultyScore":8.402586206896551,"mechanics":["moveLimit"],"params":{"moveBuffer":5},"metrics":{"forcedMovesCount":10,"branchingEventsCount":19,"maxBranchDepth":19,"backtracksCount":0,"totalAssignments":29,"firstBranchStepIndex":10,"forcedMoveRatio":0.3448275862068966}},{"id":210,"chapter":5,"level":10,"size":8,"givens":[[2,2,1,0,2,0,0,0],[1,0,0,0,1,1,2,0],[0,1,0,1,2,1,0,0],[0,2,0,2,1,0,0,0],[2,0,0,2,1,0,2,2],[1,2,2,1,0,1,2,0],[2,0,0,1,0,2,1,0],[1,0,0,2,1,2,0,0]],"solution":[[2,2,1,1,2,2,1,1],[1,1,2,2,1,1,2,2],[1,1,2,1,2,1,2,2],[2,2,1,2,1,2,1,1],[2,1,1,2,1,1,2,2],[1,2,2,1,2,1,2,1],[2,1,2,1,2,2,1,1],[1,2,1,2,1,2,1,2]],"difficultyScore":8.654411764705882,"mechanics":["moveLimit"],"params":{"moveBuffer":5},"metrics":{"forcedMovesCount":15,"branchingEventsCount":19,"maxBranchDepth":15,"backtracksCount":4,"totalAssignments":34,"firstBranchStepIndex":15,"forcedMoveRatio":0.4411764705882353}},{"id":211,"chapter":5,"level":11,"size":8,"givens":[[1,2,0,1,0,0,1,2],[1,2,0,1,2,2,1,0],[2,1,1,0,0,1,0,2],[2,1,0,0,1,0,2,0],[0,0,2,1,0,0,1,0],[0,2,1,2,0,2,0,0],[1,1,2,0,0,0,0,0],[0,0,2,1,2,0,0,0]],"solution":[[1,2,1,1,2,2,1,2],[1,2,2,1,2,2,1,1],[2,1,1,2,1,1,2,2],[2,1,1,2,1,2,2,1],[1,2,2,1,2,1,1,2],[2,2,1,2,1,2,1,1],[1,1,2,2,1,1,2,2],[2,1,2,1,2,1,2,1]],"difficultyScore":10.0,"mechanics":["moveLimit"],"params":{"moveBuffer":5},"metrics":{"forcedMovesCount":12,"branchingEventsCount":25,"maxBranchDepth":19,"backtracksCount":6,"totalAssignments":37,"firstBranchStepIndex":12,"forcedMoveRatio":0.32432432432432434}},{"id":212,"chapter":5,"level":12,"size":8,"givens":[[1,0,1,0,0,1,0,2],[0,0,0,0,2,1,2,0],[2,0,2,0,0,0,0,1],[0,2,2,1,1,2,0,0],[2,1,1,0,0,1,0,0],[2,1,1,0,1,0,0,2],[0,2,2,1,2,0,0,0],[2,1,0,1,0,1,2,1]],"solution":[[1,2,1,2,1,1,2,2],[1,2,1,1,2,1,2,2],[2,1,2,2,1,2,1,1],[1,2,2,1,1,2,1,2],[2,1,1,2,2,1,2,1],[2,1,1,2,1,2,1,2],[1,2,2,1,2,2,1,1],[2,1,2,1,2,1,2,1]],"difficultyScore":7.508333333333333,"mechanics":["moveLimit"],"params":{"moveBuffer":5},"metrics":{"forcedMovesCount":13,"branchingEventsCount":17,"maxBranchDepth":17,"backtracksCount":0,"totalAssignments":30,"firstBranchStepIndex":13,"forcedMoveRatio":0.43333333333333335}},{"id":213,"chapter":5,"level":13,"size":8,"givens":[[0,1,0,1,0,0,0,0],[1,2,2,1,0,0,1,2],[2,1,1,0,0,1,0,1],[2,1,2,2,1,0,2,0],[1,2,0,0,0,2,1,2],[0,0,0,1,2,1,2,1],[0,1,2,0,1,2,0,2],[2,0,1,2,0,2,0,0]],"solution":[[1,1,2,1,2,1,2,2],[1,2,2,1,1,2,1,2],[2,1,1,2,2,1,2,1],[2,1,2,2,1,1,2,1],[1,2,1,1,2,2,1,2],[2,2,1,1,2,1,2,1],[1,1,2,2,1,2,1,2],[2,2,1,2,1,2,1,1]],"difficultyScore":8.691666666666666,"mechanics":["moveLimit"],