{"chapter":4,"version":"1.0.0","generatedAt":"2025-12-20T13:41:28.185091","levels":[{"id":141,"chapter":4,"level":1,"size":8,"givens":[[0,2,0,1,0,0,0,2],[0,0,1,2,0,2,1,1],[0,1,0,0,1,0,0,0],[1,0,0,0,0,1,0,0],[0,0,0,0,0,0,2,0],[2,0,2,0,2,0,0,0],[0,0,0,2,0,0,0,2],[1,2,0,1,1,2,0,1]],"solution":[[1,2,1,1,2,1,2,2],[2,2,1,2,1,2,1,1],[2,1,2,2,1,2,1,1],[1,1,2,1,2,1,2,2],[1,2,1,2,1,1,2,2],[2,1,2,1,2,2,1,1],[2,1,1,2,2,1,1,2],[1,2,2,1,1,2,2,1]],"difficultyScore":10.0,"mechanics":["regions"],"params":{"regionCount":2},"metrics":{"forcedMovesCount":11,"branchingEventsCount":230,"maxBranchDepth":29,"backtracksCount":201,"totalAssignments":241,"firstBranchStepIndex":11,"forcedMoveRatio":0.04564315352697095}},{"id":142,"chapter":4,"level":2,"size":8,"givens":[[0,0,0,0,1,0,2,0],[0,0,2,1,1,0,0,0],[0,2,0,0,2,0,2,0],[0,0,1,0,2,0,0,1],[1,0,0,0,0,0,0,2],[1,2,1,0,1,0,2,2],[0,1,2,0,2,0,0,1],[0,0,2,1,0,0,2,1]],"solution":[[2,1,1,2,1,1,2,2],[2,1,2,1,1,2,1,2],[1,2,1,2,2,1,2,1],[2,2,1,1,2,2,1,1],[1,1,2,2,1,2,1,2],[1,2,1,2,1,1,2,2],[2,1,2,1,2,2,1,1],[1,2,2,1,2,1,2,1]],"difficultyScore":10.0,"mechanics":["regions"],"params":{"regionCount":2},"metrics":{"forcedMovesCount":14,"branchingEventsCount":192,"maxBranchDepth":23,"backtracksCount":169,"totalAssignments":206,"firstBranchStepIndex":14,"forcedMoveRatio":0.06796116504854369}},{"id":143,"chapter":4,"level":3,"size":8,"givens":[[2,0,1,0,0,2,1,0],[1,1,2,1,2,0,1,0],[1,1,0,2,1,1,0,2],[0,2,1,1,2,0,1,1],[0,1,0,0,0,0,0,1],[0,0,1,0,0,1,0,2],[0,1,0,2,1,0,1,1],[1,2,0,1,2,1,2,0]],"solution":[[2,2,1,2,1,2,1,1],[1,1,2,1,2,2,1,2],[1,1,2,2,1,1,2,2],[2,2,1,1,2,2,1,1],[2,1,2,1,2,1,2,1],[1,2,1,2,1,1,2,2],[2,1,2,2,1,2,1,1],[1,2,1,1,2,1,2,2]],"difficultyScore":10.0,"mechanics":["regions"],"params":{"regionCount":2},"metrics":{"forcedMovesCount":8,"branchingEventsCount":30,"maxBranchDepth":18,"backtracksCount":12,"totalAssignments":38,"firstBranchStepIndex":8,"forcedMoveRatio":0.21052631578947367}},{"id":144,"chapter":4,"level":4,"size":8,"givens":[[1,0,0,1,2,1,0,0],[0,2,1,2,0,0,0,1],[2,0,0,2,1,2,0,1],[1,1,0,0,2,1,0,2],[1,0,1,0,1,0,0,0],[0,0,0,1,0,2,0,0],[2,0,1,0,2,1,1,0],[1,0,2,1,1,0,2,1]],"solution":[[1,2,1,1,2,1,2,2],[2,2,1,2,1,2,1,1],[2,1,2,2,1,2,1,1],[1,1,2,1,2,1,2,2],[1,2,1,2,1,1,2,2],[2,1,2,1,2,2,1,1],[2,1,1,2,2,1,1,2],[1,2,2,1,1,2,2,1]],"difficultyScore":10.0,"mechanics":["regions"],"params":{"regionCount":2},"metrics":{"forcedMovesCount":15,"branchingEventsCount":51,"maxBranchDepth":15,"backtracksCount":36,"totalAssignments":66,"firstBranchStepIndex":15,"forcedMoveRatio":0.22727272727272727}},{"id":145,"chapter":4,"level":5,"size":8,"givens":[[1,0,0,2,1,0,2,0],[1,2,2,1,0,0,0,2],[0,0,0,0,0,0,2,0],[1,1,2,0,1,0,1,0],[2,0,1,1,0,1,2,1],[1,0,0,0,1,2,0,0],[2,1,1,0,2,1,0,2],[0,2,0,0,2,0,0,1]],"solution":[[1,1,2,2,1,1,2,2],[1,2,2,1,2,1,1,2],[2,1,1,2,1,2,2,1],[1,1,2,2,1,2,1,2],[2,2,1,1,2,1,2,1],[1,2,2,1,1,2,2,1],[2,1,1,2,2,1,1,2],[2,2,1,1,2,2,1,1]],"difficultyScore":10.0,"mechanics":["regions"],"params":{"regionCount":2},"metrics":{"forcedMovesCount":13,"branchingEventsCount":39,"maxBranchDepth":18,"backtracksCount":21,"totalAssignments":52,"firstBranchStepIndex":13,"forcedMoveRatio":0.25}},{"id":146,"chapter":4,"level":6,"size":8,"givens":[[0,0,0,0,0,2,1,1],[0,0,2,1,0,2,0,0],[1,1,2,0,1,0,2,0],[2,2,0,0,2,0,1,1],[2,0,2,0,0,1,0,1],[1,2,0,0,0,0,2,2],[2,0,0,0,1,2,1,1],[0,2,0,1,2,0,0,2]],"solution":[[2,2,1,2,1,2,1,1],[1,1,2,1,2,2,1,2],[1,1,2,2,1,1,2,2],[2,2,1,1,2,2,1,1],[2,1,2,1,2,1,2,1],[1,2,1,2,1,1,2,2],[2,1,2,2,1,2,1,1],[1,2,1,1,2,1,2,2]],"difficultyScore":10.0,"mechanics":["regions"],"params":{"regionCount":2},"metrics":{"forcedMovesCount":15,"branchingEventsCount":50,"maxBranchDepth":16,"backtracksCount":34,"totalAssignments":65,"firstBranchStepIndex":15,"forcedMoveRatio":0.23076923076923078}},{"id":147,"chapter":4,"level":7,"size":8,"givens":[[1,0,2,2,1,2,2,0],[0,2,1,1,0,2,1,0],[0,1,2,0,0,0,0,2],[0,0,1,2,1,2,0,1],[2,0,0,2,2,1,0,2],[1,0,0,1,1,2,0,0],[0,0,0,1,2,0,0,1],[0,1,1,0,0,0,2,0]],"solution":[[1,1,2,2,1,2,2,1],[2,2,1,1,2,2,1,1],[2,1,2,1,2,1,1,2],[1,2,1,2,1,2,2,1],[2,1,1,2,2,1,1,2],[1,2,2,1,1,2,1,2],[1,2,2,1,2,1,2,1],[2,1,1,2,1,1,2,2]],"difficultyScore":10.0,"mechanics":["regions"],"params":{"regionCount":2},"metrics":{"forcedMovesCount":12,"branchingEventsCount":32,"maxBranchDepth":18,"backtracksCount":14,"totalAssignments":44,"firstBranchStepIndex":12,"forcedMoveRatio":0.2727272727272727}},{"id":148,"chapter":4,"level":8,"size":8,"givens":[[1,0,2,1,0,2,1,2],[0,0,2,0,2,0,1,2],[0,1,1,2,2,1,0,1],[0,2,0,0,0,2,1,0],[0,0,0,0,0,1,2,0],[0,1,0,0,0,2,0,0],[1,0,0,2,0,1,0,2],[1,2,1,2,1,0,0,1]],"solution":[[1,2,2,1,1,2,1,2],[2,1,2,1,2,1,1,2],[2,1,1,2,2,1,2,1],[1,2,1,2,1,2,1,2],[2,1,2,1,2,1,2,1],[2,1,2,1,1,2,2,1],[1,2,1,2,2,1,1,2],[1,2,1,2,1,2,2,1]],"difficultyScore":10.0,"mechanics":["regions"],"params":{"regionCount":2},"metrics":{"forcedMovesCount":9,"branchingEventsCount":58,"maxBranchDepth":22,"backtracksCount":36,"totalAssignments":67,"firstBranchStepIndex":9,"forcedMoveRatio":0.13432835820895522}},{"id":149,"chapter":4,"level":9,"size":8,"givens":[[2,0,1,0,0,1,2,0],[0,1,0,0,1,0,1,0],[0,0,0,2,0,1,2,0],[2,2,0,1,0,0,0,1],[0,0,2,0,1,2,1,0],[1,2,0,0,0,1,2,2],[0,1,0,0,2,0,1,1],[0,2,2,0,2,0,0,0]],"solution":[[2,1,1,2,1,1,2,2],[2,1,2,1,1,2,1,2],[1,2,1,2,2,1,2,1],[2,2,1,1,2,2,1,1],[1,1,2,2,1,2,1,2],[1,2,1,2,1,1,2,2],[2,1,2,1,2,2,1,1],[1,2,2,1,2,1,2,1]],"difficultyScore":10.0,"mechanics":["regions"],"params":{"regionCount":2},"metrics":{"forcedMovesCount":13,"branchingEventsCount":39,"maxBranchDepth":21,"backtracksCount":18,"totalAssignments":52,"firstBranchStepIndex":13,"forcedMoveRatio":0.25}},{"id":150,"chapter":4,"level":10,"size":8,"givens":[[0,0,2,0,0,0,0,1],[1,0,2,0,2,2,1,2],[0,0,1,2,1,0,0,0],[1,0,2,1,0,0,0,0],[1,0,1,0,0,2,1,0],[0,1,2,2,0,1,2,1],[0,2,0,1,2,0,2,0],[0,0,0,2,0,2,1,2]],"solution":[[2,1,2,2,1,2,1,1],[1,1,2,1,2,2,1,2],[2,2,1,2,1,1,2,1],[1,1,2,1,2,1,2,2],[1,2,1,1,2,2,1,2],[2,1,2,2,1,1,2,1],[2,2,1,1,2,1,2,1],[1,2,1,2,1,2,1,2]],"difficultyScore":10.0,"mechanics":["regions"],"params":{"regionCount":2},"metrics":{"forcedMovesCount":8,"branchingEventsCount":295,"maxBranchDepth":24,"backtracksCount":271,"totalAssignments":303,"firstBranchStepIndex":8,"forcedMoveRatio":0.026402640264026403}},{"id":151,"chapter":4,"level":11,"size":8,"givens":[[1,0,2,1,0,0,2,1],[1,2,0,0,1,2,0,0],[0,1,1,2,0,1,1,0],[2,1,2,0,2,0,0,0],[0,2,0,0,1,0,0,2],[2,0,2,0,0,0,0,0],[0,0,1,0,0,1,2,0],[0,2,1,0,0,1,1,0]],"solution":[[1,2,2,1,1,2,2,1],[1,2,2,1,1,2,1,2],[2,1,1,2,2,1,1,2],[2,1,2,1,2,1,2,1],[1,2,1,2,1,2,1,2],[2,1,2,1,1,2,2,1],[2,1,1,2,2,1,2,1],[1,2,1,2,2,1,1,2]],"difficultyScore":10.0,"mechanics":["regions"],"params":{"regionCount":2},"metrics":{"forcedMovesCount":14,"branchingEventsCount":79,"maxBranchDepth":20,"backtracksCount":59,"totalAssignments":93,"firstBranchStepIndex":14,"forcedMoveRatio":0.15053763440860216}},{"id":152,"chapter":4,"level":12,"size":8,"givens":[[0,0,2,1,0,0,1,2],[2,0,1,0,0,2,0,0],[1,0,2,0,0,0,0,2],[2,0,0,2,0,1,0,0],[0,0,2,1,0,0,0,0],[2,0,0,0,0,0,0,0],[2,1,1,0,1,0,0,1],[1,0,2,0,2,0,0,0]],"solution":[[1,2,2,1,1,2,1,2],[2,2,1,1,2,2,1,1],[1,1,2,2,1,1,2,2],[2,1,1,2,1,1,2,2],[1,2,2,1,2,2,1,1],[2,1,1,2,2,1,1,2],[2,1,1,2,1,2,2,1],[1,2,2,1,2,1,2,1]],"difficultyScore":10.0,"mechanics":["regions"],"params":{"regionCount":2},"metrics":{"forcedMovesCount":7,"branchingEventsCount":962,"maxBranchDepth":33,"backtracksCount":929,"totalAssignments":969,"firstBranchStepIndex":7,"forcedMoveRatio":0.007223942208462332}},{"id":153,"chapter":4,"level":13,"size":8,"givens":[[0,0,0,1,0,0,2,0],[0,0,0,1,1,0,0,0],[0,0,1,0,0,1,0,0],[2,0,0,1,0,1,2,1],[0,0,0,0,0,0,1,2],[0,1,0,0,0,2,2,0],[0,0,0,2,0,0,2,0],[0,2,0,0,2,0,1,0]],"solution":[[1,2,2,1,1,2,2,1],[1,2,2,1,1,2,1,2],[2,1,1,2,2,1,1,2],[2,1,2,1,2,1,2,1],[1,2,1,2,1,2,1,2],[2,1,2,1,1,2,2,1],[2,1,1,2,2,1,2,1],[1,2,1,2,2,1,1,2]],"difficultyScore":10.0,"mechanics":["regions"],"params":{"regionCount":2},"metrics":{"forcedMovesCount":8,"branchingEventsCount":2436,"maxBranchDepth":35,"backtracksCount":2401,"totalAssignments":2444,